id,path,label
0,./train/brain_coral/n01917289_1783.JPEG,brain_coral
1,./train/brain_coral/n01917289_4317.JPEG,brain_coral
2,./train/brain_coral/n01917289_765.JPEG,brain_coral
3,./train/brain_coral/n01917289_1079.JPEG,brain_coral
4,./train/brain_coral/n01917289_2484.JPEG,brain_coral
5,./train/brain_coral/n01917289_1082.JPEG,brain_coral
6,./train/brain_coral/n01917289_1538.JPEG,brain_coral
7,./train/brain_coral/n01917289_4069.JPEG,brain_coral
8,./train/brain_coral/n01917289_4021.JPEG,brain_coral
9,./train/brain_coral/n01917289_1022.JPEG,brain_coral
10,./train/Rhodesian_ridgeback/n02087394_6382.JPEG,Rhodesian_ridgeback
11,./train/Rhodesian_ridgeback/n02087394_8852.JPEG,Rhodesian_ridgeback
12,./train/Rhodesian_ridgeback/n02087394_12174.JPEG,Rhodesian_ridgeback
13,./train/Rhodesian_ridgeback/n02087394_239.JPEG,Rhodesian_ridgeback
14,./train/Rhodesian_ridgeback/n02087394_10810.JPEG,Rhodesian_ridgeback
15,./train/Rhodesian_ridgeback/n02087394_5664.JPEG,Rhodesian_ridgeback
16,./train/Rhodesian_ridgeback/n02087394_21329.JPEG,Rhodesian_ridgeback
17,./train/Rhodesian_ridgeback/n02087394_5846.JPEG,Rhodesian_ridgeback
18,./train/Rhodesian_ridgeback/n02087394_278.JPEG,Rhodesian_ridgeback
19,./train/Rhodesian_ridgeback/n02087394_9675.JPEG,Rhodesian_ridgeback
20,./train/magpie/n01582220_6305.JPEG,magpie
21,./train/magpie/n01582220_4738.JPEG,magpie
22,./train/magpie/n01582220_36701.JPEG,magpie
23,./train/magpie/n01582220_9174.JPEG,magpie
24,./train/magpie/n01582220_7366.JPEG,magpie
25,./train/magpie/n01582220_8930.JPEG,magpie
26,./train/magpie/n01582220_5870.JPEG,magpie
27,./train/magpie/n01582220_9114.JPEG,magpie
28,./train/magpie/n01582220_10712.JPEG,magpie
29,./train/magpie/n01582220_6915.JPEG,magpie
30,./train/jean/n03594734_42955.JPEG,jean
31,./train/jean/n03594734_54417.JPEG,jean
32,./train/jean/n03594734_43949.JPEG,jean
33,./train/jean/n03594734_6277.JPEG,jean
34,./train/jean/n03594734_24159.JPEG,jean
35,./train/jean/n03594734_9714.JPEG,jean
36,./train/jean/n03594734_32813.JPEG,jean
37,./train/jean/n03594734_16188.JPEG,jean
38,./train/jean/n03594734_38343.JPEG,jean
39,./train/jean/n03594734_4800.JPEG,jean
40,./train/goblet/n03443371_3708.JPEG,goblet
41,./train/goblet/n03443371_23436.JPEG,goblet
42,./train/goblet/n03443371_3723.JPEG,goblet
43,./train/goblet/n03443371_3288.JPEG,goblet
44,./train/goblet/n03443371_7195.JPEG,goblet
45,./train/goblet/n03443371_3571.JPEG,goblet
46,./train/goblet/n03443371_268.JPEG,goblet
47,./train/goblet/n03443371_14193.JPEG,goblet
48,./train/goblet/n03443371_9475.JPEG,goblet
49,./train/goblet/n03443371_7918.JPEG,goblet
50,./train/knee_pad/n03623198_9535.JPEG,knee_pad
51,./train/knee_pad/n03623198_4447.JPEG,knee_pad
52,./train/knee_pad/n03623198_14123.JPEG,knee_pad
53,./train/knee_pad/n03623198_3552.JPEG,knee_pad
54,./train/knee_pad/n03623198_10486.JPEG,knee_pad
55,./train/knee_pad/n03623198_1346.JPEG,knee_pad
56,./train/knee_pad/n03623198_4415.JPEG,knee_pad
57,./train/knee_pad/n03623198_14574.JPEG,knee_pad
58,./train/knee_pad/n03623198_7294.JPEG,knee_pad
59,./train/knee_pad/n03623198_11556.JPEG,knee_pad
60,./train/lion/n02129165_19875.JPEG,lion
61,./train/lion/n02129165_16.JPEG,lion
62,./train/lion/n02129165_5362.JPEG,lion
63,./train/lion/n02129165_12949.JPEG,lion
64,./train/lion/n02129165_19953.JPEG,lion
65,./train/lion/n02129165_5845.JPEG,lion
66,./train/lion/n02129165_1142.JPEG,lion
67,./train/lion/n02129165_11278.JPEG,lion
68,./train/lion/n02129165_17028.JPEG,lion
69,./train/lion/n02129165_19310.JPEG,lion
70,./train/comic_book/n06596364_7928.JPEG,comic_book
71,./train/comic_book/n06596364_4451.JPEG,comic_book
72,./train/comic_book/n06596364_12832.JPEG,comic_book
73,./train/comic_book/n06596364_12588.JPEG,comic_book
74,./train/comic_book/n06596364_19168.JPEG,comic_book
75,./train/comic_book/n06596364_11921.JPEG,comic_book
76,./train/comic_book/n06596364_5634.JPEG,comic_book
77,./train/comic_book/n06596364_4445.JPEG,comic_book
78,./train/comic_book/n06596364_3314.JPEG,comic_book
79,./train/comic_book/n06596364_4083.JPEG,comic_book
80,./train/dugong/n02074367_11389.JPEG,dugong
81,./train/dugong/n02074367_6343.JPEG,dugong
82,./train/dugong/n02074367_11823.JPEG,dugong
83,./train/dugong/n02074367_15261.JPEG,dugong
84,./train/dugong/n02074367_3178.JPEG,dugong
85,./train/dugong/n02074367_10112.JPEG,dugong
86,./train/dugong/n02074367_21374.JPEG,dugong
87,./train/dugong/n02074367_7060.JPEG,dugong
88,./train/dugong/n02074367_16898.JPEG,dugong
89,./train/dugong/n02074367_2045.JPEG,dugong
90,./train/Bouvier_des_Flandres/n02106382_2474.JPEG,Bouvier_des_Flandres
91,./train/Bouvier_des_Flandres/n02106382_2705.JPEG,Bouvier_des_Flandres
92,./train/Bouvier_des_Flandres/n02106382_4153.JPEG,Bouvier_des_Flandres
93,./train/Bouvier_des_Flandres/n02106382_404.JPEG,Bouvier_des_Flandres
94,./train/Bouvier_des_Flandres/n02106382_9318.JPEG,Bouvier_des_Flandres
95,./train/Bouvier_des_Flandres/n02106382_5429.JPEG,Bouvier_des_Flandres
96,./train/Bouvier_des_Flandres/n02106382_8906.JPEG,Bouvier_des_Flandres
97,./train/Bouvier_des_Flandres/n02106382_2872.JPEG,Bouvier_des_Flandres
98,./train/Bouvier_des_Flandres/n02106382_6290.JPEG,Bouvier_des_Flandres
99,./train/Bouvier_des_Flandres/n02106382_6653.JPEG,Bouvier_des_Flandres
100,./train/mongoose/n02137549_5043.JPEG,mongoose
101,./train/mongoose/n02137549_7436.JPEG,mongoose
102,./train/mongoose/n02137549_7552.JPEG,mongoose
103,./train/mongoose/n02137549_7641.JPEG,mongoose
104,./train/mongoose/n02137549_5694.JPEG,mongoose
105,./train/mongoose/n02137549_2872.JPEG,mongoose
106,./train/mongoose/n02137549_10713.JPEG,mongoose
107,./train/mongoose/n02137549_9314.JPEG,mongoose
108,./train/mongoose/n02137549_2769.JPEG,mongoose
109,./train/mongoose/n02137549_7891.JPEG,mongoose
110,./train/screen/n04152593_18911.JPEG,screen
111,./train/screen/n04152593_20281.JPEG,screen
112,./train/screen/n04152593_13170.JPEG,screen
113,./train/screen/n04152593_70995.JPEG,screen
114,./train/screen/n04152593_60736.JPEG,screen
115,./train/screen/n04152593_2793.JPEG,screen
116,./train/screen/n04152593_29558.JPEG,screen
117,./train/screen/n04152593_345.JPEG,screen
118,./train/screen/n04152593_36277.JPEG,screen
119,./train/screen/n04152593_5333.JPEG,screen
120,./train/dishwasher/n03207941_10900.JPEG,dishwasher
121,./train/dishwasher/n03207941_7670.JPEG,dishwasher
122,./train/dishwasher/n03207941_11123.JPEG,dishwasher
123,./train/dishwasher/n03207941_436.JPEG,dishwasher
124,./train/dishwasher/n03207941_15169.JPEG,dishwasher
125,./train/dishwasher/n03207941_8944.JPEG,dishwasher
126,./train/dishwasher/n03207941_12359.JPEG,dishwasher
127,./train/dishwasher/n03207941_7160.JPEG,dishwasher
128,./train/dishwasher/n03207941_20047.JPEG,dishwasher
129,./train/dishwasher/n03207941_13200.JPEG,dishwasher
130,./train/carousel/n02966193_41665.JPEG,carousel
131,./train/carousel/n02966193_27604.JPEG,carousel
132,./train/carousel/n02966193_17155.JPEG,carousel
133,./train/carousel/n02966193_25350.JPEG,carousel
134,./train/carousel/n02966193_14630.JPEG,carousel
135,./train/carousel/n02966193_7683.JPEG,carousel
136,./train/carousel/n02966193_38636.JPEG,carousel
137,./train/carousel/n02966193_575.JPEG,carousel
138,./train/carousel/n02966193_41621.JPEG,carousel
139,./train/carousel/n02966193_3789.JPEG,carousel
140,./train/cliff_dwelling/n03042490_6749.JPEG,cliff_dwelling
141,./train/cliff_dwelling/n03042490_8178.JPEG,cliff_dwelling
142,./train/cliff_dwelling/n03042490_4124.JPEG,cliff_dwelling
143,./train/cliff_dwelling/n03042490_2061.JPEG,cliff_dwelling
144,./train/cliff_dwelling/n03042490_1526.JPEG,cliff_dwelling
145,./train/cliff_dwelling/n03042490_2390.JPEG,cliff_dwelling
146,./train/cliff_dwelling/n03042490_10143.JPEG,cliff_dwelling
147,./train/cliff_dwelling/n03042490_2171.JPEG,cliff_dwelling
148,./train/cliff_dwelling/n03042490_4084.JPEG,cliff_dwelling
149,./train/cliff_dwelling/n03042490_10980.JPEG,cliff_dwelling
150,./train/cocktail_shaker/n03062245_3194.JPEG,cocktail_shaker
151,./train/cocktail_shaker/n03062245_4550.JPEG,cocktail_shaker
152,./train/cocktail_shaker/n03062245_7972.JPEG,cocktail_shaker
153,./train/cocktail_shaker/n03062245_1019.JPEG,cocktail_shaker
154,./train/cocktail_shaker/n03062245_1186.JPEG,cocktail_shaker
155,./train/cocktail_shaker/n03062245_12368.JPEG,cocktail_shaker
156,./train/cocktail_shaker/n03062245_528.JPEG,cocktail_shaker
157,./train/cocktail_shaker/n03062245_15980.JPEG,cocktail_shaker
158,./train/cocktail_shaker/n03062245_1498.JPEG,cocktail_shaker
159,./train/cocktail_shaker/n03062245_2941.JPEG,cocktail_shaker
160,./train/minibus/n03769881_4205.JPEG,minibus
161,./train/minibus/n03769881_3883.JPEG,minibus
162,./train/minibus/n03769881_1043.JPEG,minibus
163,./train/minibus/n03769881_8573.JPEG,minibus
164,./train/minibus/n03769881_2483.JPEG,minibus
165,./train/minibus/n03769881_5168.JPEG,minibus
166,./train/minibus/n03769881_59.JPEG,minibus
167,./train/minibus/n03769881_10813.JPEG,minibus
168,./train/minibus/n03769881_8116.JPEG,minibus
169,./train/minibus/n03769881_619.JPEG,minibus
170,./train/toilet_seat/n04447861_9201.JPEG,toilet_seat
171,./train/toilet_seat/n04447861_11758.JPEG,toilet_seat
172,./train/toilet_seat/n04447861_1884.JPEG,toilet_seat
173,./train/toilet_seat/n04447861_1510.JPEG,toilet_seat
174,./train/toilet_seat/n04447861_6480.JPEG,toilet_seat
175,./train/toilet_seat/n04447861_18243.JPEG,toilet_seat
176,./train/toilet_seat/n04447861_454.JPEG,toilet_seat
177,./train/toilet_seat/n04447861_6808.JPEG,toilet_seat
178,./train/toilet_seat/n04447861_18719.JPEG,toilet_seat
179,./train/toilet_seat/n04447861_1614.JPEG,toilet_seat
180,./train/china_cabinet/n03018349_2404.JPEG,china_cabinet
181,./train/china_cabinet/n03018349_5674.JPEG,china_cabinet
182,./train/china_cabinet/n03018349_2119.JPEG,china_cabinet
183,./train/china_cabinet/n03018349_1038.JPEG,china_cabinet
184,./train/china_cabinet/n03018349_2665.JPEG,china_cabinet
185,./train/china_cabinet/n03018349_361.JPEG,china_cabinet
186,./train/china_cabinet/n03018349_20592.JPEG,china_cabinet
187,./train/china_cabinet/n03018349_2126.JPEG,china_cabinet
188,./train/china_cabinet/n03018349_4049.JPEG,china_cabinet
189,./train/china_cabinet/n03018349_13788.JPEG,china_cabinet
190,./train/standard_poodle/n02113799_1666.JPEG,standard_poodle
191,./train/standard_poodle/n02113799_1399.JPEG,standard_poodle
192,./train/standard_poodle/n02113799_6784.JPEG,standard_poodle
193,./train/standard_poodle/n02113799_7970.JPEG,standard_poodle
194,./train/standard_poodle/n02113799_15958.JPEG,standard_poodle
195,./train/standard_poodle/n02113799_9150.JPEG,standard_poodle
196,./train/standard_poodle/n02113799_9692.JPEG,standard_poodle
197,./train/standard_poodle/n02113799_671.JPEG,standard_poodle
198,./train/standard_poodle/n02113799_902.JPEG,standard_poodle
199,./train/standard_poodle/n02113799_3304.JPEG,standard_poodle
200,./train/ruffed_grouse/n01797886_5207.JPEG,ruffed_grouse
201,./train/ruffed_grouse/n01797886_10810.JPEG,ruffed_grouse
202,./train/ruffed_grouse/n01797886_17531.JPEG,ruffed_grouse
203,./train/ruffed_grouse/n01797886_6758.JPEG,ruffed_grouse
204,./train/ruffed_grouse/n01797886_17360.JPEG,ruffed_grouse
205,./train/ruffed_grouse/n01797886_6856.JPEG,ruffed_grouse
206,./train/ruffed_grouse/n01797886_13048.JPEG,ruffed_grouse
207,./train/ruffed_grouse/n01797886_20346.JPEG,ruffed_grouse
208,./train/ruffed_grouse/n01797886_55.JPEG,ruffed_grouse
209,./train/ruffed_grouse/n01797886_13537.JPEG,ruffed_grouse
210,./train/bannister/n02788148_94636.JPEG,bannister
211,./train/bannister/n02788148_10587.JPEG,bannister
212,./train/bannister/n02788148_64657.JPEG,bannister
213,./train/bannister/n02788148_607.JPEG,bannister
214,./train/bannister/n02788148_39278.JPEG,bannister
215,./train/bannister/n02788148_88795.JPEG,bannister
216,./train/bannister/n02788148_39611.JPEG,bannister
217,./train/bannister/n02788148_44881.JPEG,bannister
218,./train/bannister/n02788148_78830.JPEG,bannister
219,./train/bannister/n02788148_82451.JPEG,bannister
220,./train/Airedale/n02096051_8169.JPEG,Airedale
221,./train/Airedale/n02096051_5976.JPEG,Airedale
222,./train/Airedale/n02096051_8871.JPEG,Airedale
223,./train/Airedale/n02096051_7156.JPEG,Airedale
224,./train/Airedale/n02096051_4548.JPEG,Airedale
225,./train/Airedale/n02096051_2045.JPEG,Airedale
226,./train/Airedale/n02096051_1537.JPEG,Airedale
227,./train/Airedale/n02096051_910.JPEG,Airedale
228,./train/Airedale/n02096051_5821.JPEG,Airedale
229,./train/Airedale/n02096051_2773.JPEG,Airedale
230,./train/parachute/n03888257_31784.JPEG,parachute
231,./train/parachute/n03888257_9066.JPEG,parachute
232,./train/parachute/n03888257_52194.JPEG,parachute
233,./train/parachute/n03888257_4738.JPEG,parachute
234,./train/parachute/n03888257_13175.JPEG,parachute
235,./train/parachute/n03888257_19451.JPEG,parachute
236,./train/parachute/n03888257_63966.JPEG,parachute
237,./train/parachute/n03888257_22330.JPEG,parachute
238,./train/parachute/n03888257_25150.JPEG,parachute
239,./train/parachute/n03888257_2007.JPEG,parachute
240,./train/grocery_store/n03461385_76359.JPEG,grocery_store
241,./train/grocery_store/n03461385_49979.JPEG,grocery_store
242,./train/grocery_store/n03461385_107307.JPEG,grocery_store
243,./train/grocery_store/n03461385_11704.JPEG,grocery_store
244,./train/grocery_store/n03461385_3638.JPEG,grocery_store
245,./train/grocery_store/n03461385_72736.JPEG,grocery_store
246,./train/grocery_store/n03461385_9780.JPEG,grocery_store
247,./train/grocery_store/n03461385_16123.JPEG,grocery_store
248,./train/grocery_store/n03461385_71484.JPEG,grocery_store
249,./train/grocery_store/n03461385_31572.JPEG,grocery_store
250,./train/ambulance/n02701002_3315.JPEG,ambulance
251,./train/ambulance/n02701002_1264.JPEG,ambulance
252,./train/ambulance/n02701002_18950.JPEG,ambulance
253,./train/ambulance/n02701002_4047.JPEG,ambulance
254,./train/ambulance/n02701002_15786.JPEG,ambulance
255,./train/ambulance/n02701002_21621.JPEG,ambulance
256,./train/ambulance/n02701002_773.JPEG,ambulance
257,./train/ambulance/n02701002_11033.JPEG,ambulance
258,./train/ambulance/n02701002_2937.JPEG,ambulance
259,./train/ambulance/n02701002_17491.JPEG,ambulance
260,./train/chain_mail/n03000247_39409.JPEG,chain_mail
261,./train/chain_mail/n03000247_39575.JPEG,chain_mail
262,./train/chain_mail/n03000247_15536.JPEG,chain_mail
263,./train/chain_mail/n03000247_2521.JPEG,chain_mail
264,./train/chain_mail/n03000247_2356.JPEG,chain_mail
265,./train/chain_mail/n03000247_13057.JPEG,chain_mail
266,./train/chain_mail/n03000247_25442.JPEG,chain_mail
267,./train/chain_mail/n03000247_24733.JPEG,chain_mail
268,./train/chain_mail/n03000247_52398.JPEG,chain_mail
269,./train/chain_mail/n03000247_25999.JPEG,chain_mail
270,./train/lynx/n02127052_7004.JPEG,lynx
271,./train/lynx/n02127052_3830.JPEG,lynx
272,./train/lynx/n02127052_19993.JPEG,lynx
273,./train/lynx/n02127052_2768.JPEG,lynx
274,./train/lynx/n02127052_206.JPEG,lynx
275,./train/lynx/n02127052_9325.JPEG,lynx
276,./train/lynx/n02127052_433.JPEG,lynx
277,./train/lynx/n02127052_7657.JPEG,lynx
278,./train/lynx/n02127052_2874.JPEG,lynx
279,./train/lynx/n02127052_1944.JPEG,lynx
280,./train/scabbard/n04141327_1706.JPEG,scabbard
281,./train/scabbard/n04141327_7579.JPEG,scabbard
282,./train/scabbard/n04141327_5280.JPEG,scabbard
283,./train/scabbard/n04141327_15760.JPEG,scabbard
284,./train/scabbard/n04141327_3742.JPEG,scabbard
285,./train/scabbard/n04141327_2293.JPEG,scabbard
286,./train/scabbard/n04141327_736.JPEG,scabbard
287,./train/scabbard/n04141327_7195.JPEG,scabbard
288,./train/scabbard/n04141327_8694.JPEG,scabbard
289,./train/scabbard/n04141327_205.JPEG,scabbard
290,./train/steel_arch_bridge/n04311004_2061.JPEG,steel_arch_bridge
291,./train/steel_arch_bridge/n04311004_3754.JPEG,steel_arch_bridge
292,./train/steel_arch_bridge/n04311004_5455.JPEG,steel_arch_bridge
293,./train/steel_arch_bridge/n04311004_1657.JPEG,steel_arch_bridge
294,./train/steel_arch_bridge/n04311004_5405.JPEG,steel_arch_bridge
295,./train/steel_arch_bridge/n04311004_852.JPEG,steel_arch_bridge
296,./train/steel_arch_bridge/n04311004_39.JPEG,steel_arch_bridge
297,./train/steel_arch_bridge/n04311004_1649.JPEG,steel_arch_bridge
298,./train/steel_arch_bridge/n04311004_1868.JPEG,steel_arch_bridge
299,./train/steel_arch_bridge/n04311004_2606.JPEG,steel_arch_bridge
300,./train/can_opener/n02951585_24554.JPEG,can_opener
301,./train/can_opener/n02951585_8886.JPEG,can_opener
302,./train/can_opener/n02951585_21861.JPEG,can_opener
303,./train/can_opener/n02951585_2273.JPEG,can_opener
304,./train/can_opener/n02951585_2656.JPEG,can_opener
305,./train/can_opener/n02951585_24077.JPEG,can_opener
306,./train/can_opener/n02951585_32431.JPEG,can_opener
307,./train/can_opener/n02951585_11577.JPEG,can_opener
308,./train/can_opener/n02951585_20022.JPEG,can_opener
309,./train/can_opener/n02951585_26678.JPEG,can_opener
310,./train/harmonica/n03494278_32453.JPEG,harmonica
311,./train/harmonica/n03494278_29999.JPEG,harmonica
312,./train/harmonica/n03494278_28699.JPEG,harmonica
313,./train/harmonica/n03494278_36127.JPEG,harmonica
314,./train/harmonica/n03494278_30921.JPEG,harmonica
315,./train/harmonica/n03494278_44048.JPEG,harmonica
316,./train/harmonica/n03494278_40195.JPEG,harmonica
317,./train/harmonica/n03494278_38208.JPEG,harmonica
318,./train/harmonica/n03494278_22412.JPEG,harmonica
319,./train/harmonica/n03494278_1217.JPEG,harmonica
320,./train/pizza/n07873807_3782.JPEG,pizza
321,./train/pizza/n07873807_8160.JPEG,pizza
322,./train/pizza/n07873807_11460.JPEG,pizza
323,./train/pizza/n07873807_10533.JPEG,pizza
324,./train/pizza/n07873807_16319.JPEG,pizza
325,./train/pizza/n07873807_18099.JPEG,pizza
326,./train/pizza/n07873807_17663.JPEG,pizza
327,./train/pizza/n07873807_17467.JPEG,pizza
328,./train/pizza/n07873807_14045.JPEG,pizza
329,./train/pizza/n07873807_13842.JPEG,pizza
330,./train/junco/n01534433_28407.JPEG,junco
331,./train/junco/n01534433_8422.JPEG,junco
332,./train/junco/n01534433_20889.JPEG,junco
333,./train/junco/n01534433_7360.JPEG,junco
334,./train/junco/n01534433_14639.JPEG,junco
335,./train/junco/n01534433_2419.JPEG,junco
336,./train/junco/n01534433_15198.JPEG,junco
337,./train/junco/n01534433_10643.JPEG,junco
338,./train/junco/n01534433_8763.JPEG,junco
339,./train/junco/n01534433_1645.JPEG,junco
340,./train/oxcart/n03868242_6801.JPEG,oxcart
341,./train/oxcart/n03868242_3999.JPEG,oxcart
342,./train/oxcart/n03868242_12798.JPEG,oxcart
343,./train/oxcart/n03868242_5356.JPEG,oxcart
344,./train/oxcart/n03868242_7773.JPEG,oxcart
345,./train/oxcart/n03868242_8299.JPEG,oxcart
346,./train/oxcart/n03868242_5332.JPEG,oxcart
347,./train/oxcart/n03868242_2434.JPEG,oxcart
348,./train/oxcart/n03868242_2688.JPEG,oxcart
349,./train/oxcart/n03868242_10994.JPEG,oxcart
350,./train/vine_snake/n01739381_6957.JPEG,vine_snake
351,./train/vine_snake/n01739381_5304.JPEG,vine_snake
352,./train/vine_snake/n01739381_8415.JPEG,vine_snake
353,./train/vine_snake/n01739381_5091.JPEG,vine_snake
354,./train/vine_snake/n01739381_5377.JPEG,vine_snake
355,./train/vine_snake/n01739381_8940.JPEG,vine_snake
356,./train/vine_snake/n01739381_4075.JPEG,vine_snake
357,./train/vine_snake/n01739381_5245.JPEG,vine_snake
358,./train/vine_snake/n01739381_5263.JPEG,vine_snake
359,./train/vine_snake/n01739381_8285.JPEG,vine_snake
360,./train/orange/n07747607_18447.JPEG,orange
361,./train/orange/n07747607_8647.JPEG,orange
362,./train/orange/n07747607_3088.JPEG,orange
363,./train/orange/n07747607_10110.JPEG,orange
364,./train/orange/n07747607_41539.JPEG,orange
365,./train/orange/n07747607_11140.JPEG,orange
366,./train/orange/n07747607_11283.JPEG,orange
367,./train/orange/n07747607_67457.JPEG,orange
368,./train/orange/n07747607_24556.JPEG,orange
369,./train/orange/n07747607_2102.JPEG,orange
370,./train/tub/n04493381_11325.JPEG,tub
371,./train/tub/n04493381_3606.JPEG,tub
372,./train/tub/n04493381_2512.JPEG,tub
373,./train/tub/n04493381_4746.JPEG,tub
374,./train/tub/n04493381_20052.JPEG,tub
375,./train/tub/n04493381_42891.JPEG,tub
376,./train/tub/n04493381_75991.JPEG,tub
377,./train/tub/n04493381_14968.JPEG,tub
378,./train/tub/n04493381_14741.JPEG,tub
379,./train/tub/n04493381_294.JPEG,tub
380,./train/black_widow/n01774384_11467.JPEG,black_widow
381,./train/black_widow/n01774384_20649.JPEG,black_widow
382,./train/black_widow/n01774384_1624.JPEG,black_widow
383,./train/black_widow/n01774384_103.JPEG,black_widow
384,./train/black_widow/n01774384_816.JPEG,black_widow
385,./train/black_widow/n01774384_14123.JPEG,black_widow
386,./train/black_widow/n01774384_15360.JPEG,black_widow
387,./train/black_widow/n01774384_15871.JPEG,black_widow
388,./train/black_widow/n01774384_6247.JPEG,black_widow
389,./train/black_widow/n01774384_14555.JPEG,black_widow
390,./train/holster/n03527444_11096.JPEG,holster
391,./train/holster/n03527444_20303.JPEG,holster
392,./train/holster/n03527444_8155.JPEG,holster
393,./train/holster/n03527444_11055.JPEG,holster
394,./train/holster/n03527444_693.JPEG,holster
395,./train/holster/n03527444_18529.JPEG,holster
396,./train/holster/n03527444_26895.JPEG,holster
397,./train/holster/n03527444_1273.JPEG,holster
398,./train/holster/n03527444_4695.JPEG,holster
399,./train/holster/n03527444_1270.JPEG,holster
400,./train/guillotine/n03467068_11806.JPEG,guillotine
401,./train/guillotine/n03467068_7645.JPEG,guillotine
402,./train/guillotine/n03467068_12566.JPEG,guillotine
403,./train/guillotine/n03467068_27478.JPEG,guillotine
404,./train/guillotine/n03467068_8369.JPEG,guillotine
405,./train/guillotine/n03467068_8323.JPEG,guillotine
406,./train/guillotine/n03467068_27538.JPEG,guillotine
407,./train/guillotine/n03467068_11567.JPEG,guillotine
408,./train/guillotine/n03467068_9387.JPEG,guillotine
409,./train/guillotine/n03467068_6095.JPEG,guillotine
410,./train/capuchin/n02492035_6519.JPEG,capuchin
411,./train/capuchin/n02492035_6886.JPEG,capuchin
412,./train/capuchin/n02492035_3368.JPEG,capuchin
413,./train/capuchin/n02492035_2004.JPEG,capuchin
414,./train/capuchin/n02492035_16730.JPEG,capuchin
415,./train/capuchin/n02492035_1540.JPEG,capuchin
416,./train/capuchin/n02492035_9238.JPEG,capuchin
417,./train/capuchin/n02492035_16843.JPEG,capuchin
418,./train/capuchin/n02492035_4327.JPEG,capuchin
419,./train/capuchin/n02492035_12948.JPEG,capuchin
420,./train/theater_curtain/n04418357_2763.JPEG,theater_curtain
421,./train/theater_curtain/n04418357_3797.JPEG,theater_curtain
422,./train/theater_curtain/n04418357_10216.JPEG,theater_curtain
423,./train/theater_curtain/n04418357_2340.JPEG,theater_curtain
424,./train/theater_curtain/n04418357_15897.JPEG,theater_curtain
425,./train/theater_curtain/n04418357_13381.JPEG,theater_curtain
426,./train/theater_curtain/n04418357_7252.JPEG,theater_curtain
427,./train/theater_curtain/n04418357_5013.JPEG,theater_curtain
428,./train/theater_curtain/n04418357_5669.JPEG,theater_curtain
429,./train/theater_curtain/n04418357_27939.JPEG,theater_curtain
430,./train/castle/n02980441_4309.JPEG,castle
431,./train/castle/n02980441_2252.JPEG,castle
432,./train/castle/n02980441_2971.JPEG,castle
433,./train/castle/n02980441_2391.JPEG,castle
434,./train/castle/n02980441_16692.JPEG,castle
435,./train/castle/n02980441_5253.JPEG,castle
436,./train/castle/n02980441_1399.JPEG,castle
437,./train/castle/n02980441_11635.JPEG,castle
438,./train/castle/n02980441_9457.JPEG,castle
439,./train/castle/n02980441_37573.JPEG,castle
440,./train/yawl/n04612504_15562.JPEG,yawl
441,./train/yawl/n04612504_8235.JPEG,yawl
442,./train/yawl/n04612504_34550.JPEG,yawl
443,./train/yawl/n04612504_2395.JPEG,yawl
444,./train/yawl/n04612504_186.JPEG,yawl
445,./train/yawl/n04612504_7540.JPEG,yawl
446,./train/yawl/n04612504_8245.JPEG,yawl
447,./train/yawl/n04612504_10666.JPEG,yawl
448,./train/yawl/n04612504_8870.JPEG,yawl
449,./train/yawl/n04612504_27200.JPEG,yawl
450,./train/toyshop/n04462240_3125.JPEG,toyshop
451,./train/toyshop/n04462240_10500.JPEG,toyshop
452,./train/toyshop/n04462240_11243.JPEG,toyshop
453,./train/toyshop/n04462240_9345.JPEG,toyshop
454,./train/toyshop/n04462240_7857.JPEG,toyshop
455,./train/toyshop/n04462240_19758.JPEG,toyshop
456,./train/toyshop/n04462240_10881.JPEG,toyshop
457,./train/toyshop/n04462240_9378.JPEG,toyshop
458,./train/toyshop/n04462240_10035.JPEG,toyshop
459,./train/toyshop/n04462240_20602.JPEG,toyshop
460,./train/meat_loaf/n07871810_6975.JPEG,meat_loaf
461,./train/meat_loaf/n07871810_16025.JPEG,meat_loaf
462,./train/meat_loaf/n07871810_14754.JPEG,meat_loaf
463,./train/meat_loaf/n07871810_13375.JPEG,meat_loaf
464,./train/meat_loaf/n07871810_4095.JPEG,meat_loaf
465,./train/meat_loaf/n07871810_2072.JPEG,meat_loaf
466,./train/meat_loaf/n07871810_26759.JPEG,meat_loaf
467,./train/meat_loaf/n07871810_14521.JPEG,meat_loaf
468,./train/meat_loaf/n07871810_3404.JPEG,meat_loaf
469,./train/meat_loaf/n07871810_5636.JPEG,meat_loaf
470,./train/cornet/n03110669_113223.JPEG,cornet
471,./train/cornet/n03110669_96496.JPEG,cornet
472,./train/cornet/n03110669_96993.JPEG,cornet
473,./train/cornet/n03110669_109985.JPEG,cornet
474,./train/cornet/n03110669_116887.JPEG,cornet
475,./train/cornet/n03110669_14570.JPEG,cornet
476,./train/cornet/n03110669_95746.JPEG,cornet
477,./train/cornet/n03110669_90417.JPEG,cornet
478,./train/cornet/n03110669_90221.JPEG,cornet
479,./train/cornet/n03110669_26855.JPEG,cornet
480,./train/American_egret/n02009912_16896.JPEG,American_egret
481,./train/American_egret/n02009912_13895.JPEG,American_egret
482,./train/American_egret/n02009912_7609.JPEG,American_egret
483,./train/American_egret/n02009912_1358.JPEG,American_egret
484,./train/American_egret/n02009912_36395.JPEG,American_egret
485,./train/American_egret/n02009912_4403.JPEG,American_egret
486,./train/American_egret/n02009912_5700.JPEG,American_egret
487,./train/American_egret/n02009912_8563.JPEG,American_egret
488,./train/American_egret/n02009912_15872.JPEG,American_egret
489,./train/American_egret/n02009912_26245.JPEG,American_egret
490,./train/basketball/n02802426_8222.JPEG,basketball
491,./train/basketball/n02802426_3881.JPEG,basketball
492,./train/basketball/n02802426_12191.JPEG,basketball
493,./train/basketball/n02802426_12782.JPEG,basketball
494,./train/basketball/n02802426_10137.JPEG,basketball
495,./train/basketball/n02802426_9952.JPEG,basketball
496,./train/basketball/n02802426_26718.JPEG,basketball
497,./train/basketball/n02802426_7726.JPEG,basketball
498,./train/basketball/n02802426_24958.JPEG,basketball
499,./train/basketball/n02802426_7656.JPEG,basketball
500,./train/Doberman/n02107142_49242.JPEG,Doberman
501,./train/Doberman/n02107142_47697.JPEG,Doberman
502,./train/Doberman/n02107142_24759.JPEG,Doberman
503,./train/Doberman/n02107142_1596.JPEG,Doberman
504,./train/Doberman/n02107142_3654.JPEG,Doberman
505,./train/Doberman/n02107142_14933.JPEG,Doberman
506,./train/Doberman/n02107142_4753.JPEG,Doberman
507,./train/Doberman/n02107142_32921.JPEG,Doberman
508,./train/Doberman/n02107142_3428.JPEG,Doberman
509,./train/Doberman/n02107142_10381.JPEG,Doberman
510,./train/barn_spider/n01773549_5064.JPEG,barn_spider
511,./train/barn_spider/n01773549_701.JPEG,barn_spider
512,./train/barn_spider/n01773549_6669.JPEG,barn_spider
513,./train/barn_spider/n01773549_711.JPEG,barn_spider
514,./train/barn_spider/n01773549_2675.JPEG,barn_spider
515,./train/barn_spider/n01773549_2680.JPEG,barn_spider
516,./train/barn_spider/n01773549_7649.JPEG,barn_spider
517,./train/barn_spider/n01773549_6399.JPEG,barn_spider
518,./train/barn_spider/n01773549_4242.JPEG,barn_spider
519,./train/barn_spider/n01773549_10106.JPEG,barn_spider
520,./train/ski_mask/n04229816_6821.JPEG,ski_mask
521,./train/ski_mask/n04229816_2711.JPEG,ski_mask
522,./train/ski_mask/n04229816_10284.JPEG,ski_mask
523,./train/ski_mask/n04229816_651.JPEG,ski_mask
524,./train/ski_mask/n04229816_1455.JPEG,ski_mask
525,./train/ski_mask/n04229816_10630.JPEG,ski_mask
526,./train/ski_mask/n04229816_1710.JPEG,ski_mask
527,./train/ski_mask/n04229816_2060.JPEG,ski_mask
528,./train/ski_mask/n04229816_2536.JPEG,ski_mask
529,./train/ski_mask/n04229816_15865.JPEG,ski_mask
530,./train/wombat/n01883070_4202.JPEG,wombat
531,./train/wombat/n01883070_3170.JPEG,wombat
532,./train/wombat/n01883070_1689.JPEG,wombat
533,./train/wombat/n01883070_1013.JPEG,wombat
534,./train/wombat/n01883070_809.JPEG,wombat
535,./train/wombat/n01883070_2167.JPEG,wombat
536,./train/wombat/n01883070_7363.JPEG,wombat
537,./train/wombat/n01883070_7142.JPEG,wombat
538,./train/wombat/n01883070_7273.JPEG,wombat
539,./train/wombat/n01883070_26704.JPEG,wombat
540,./train/bullet_train/n02917067_1400.JPEG,bullet_train
541,./train/bullet_train/n02917067_5222.JPEG,bullet_train
542,./train/bullet_train/n02917067_12752.JPEG,bullet_train
543,./train/bullet_train/n02917067_7539.JPEG,bullet_train
544,./train/bullet_train/n02917067_3151.JPEG,bullet_train
545,./train/bullet_train/n02917067_18140.JPEG,bullet_train
546,./train/bullet_train/n02917067_18877.JPEG,bullet_train
547,./train/bullet_train/n02917067_13196.JPEG,bullet_train
548,./train/bullet_train/n02917067_4363.JPEG,bullet_train
549,./train/bullet_train/n02917067_12974.JPEG,bullet_train
550,./train/combination_lock/n03075370_692.JPEG,combination_lock
551,./train/combination_lock/n03075370_8983.JPEG,combination_lock
552,./train/combination_lock/n03075370_10043.JPEG,combination_lock
553,./train/combination_lock/n03075370_17182.JPEG,combination_lock
554,./train/combination_lock/n03075370_4191.JPEG,combination_lock
555,./train/combination_lock/n03075370_2458.JPEG,combination_lock
556,./train/combination_lock/n03075370_10465.JPEG,combination_lock
557,./train/combination_lock/n03075370_2495.JPEG,combination_lock
558,./train/combination_lock/n03075370_9291.JPEG,combination_lock
559,./train/combination_lock/n03075370_5574.JPEG,combination_lock
560,./train/hen-of-the-woods/n13052670_908.JPEG,hen-of-the-woods
561,./train/hen-of-the-woods/n13052670_10745.JPEG,hen-of-the-woods
562,./train/hen-of-the-woods/n13052670_9006.JPEG,hen-of-the-woods
563,./train/hen-of-the-woods/n13052670_10016.JPEG,hen-of-the-woods
564,./train/hen-of-the-woods/n13052670_3174.JPEG,hen-of-the-woods
565,./train/hen-of-the-woods/n13052670_2293.JPEG,hen-of-the-woods
566,./train/hen-of-the-woods/n13052670_7351.JPEG,hen-of-the-woods
567,./train/hen-of-the-woods/n13052670_4393.JPEG,hen-of-the-woods
568,./train/hen-of-the-woods/n13052670_11022.JPEG,hen-of-the-woods
569,./train/hen-of-the-woods/n13052670_7510.JPEG,hen-of-the-woods
570,./train/Lakeland_terrier/n02095570_2569.JPEG,Lakeland_terrier
571,./train/Lakeland_terrier/n02095570_12040.JPEG,Lakeland_terrier
572,./train/Lakeland_terrier/n02095570_5456.JPEG,Lakeland_terrier
573,./train/Lakeland_terrier/n02095570_4.JPEG,Lakeland_terrier
574,./train/Lakeland_terrier/n02095570_1055.JPEG,Lakeland_terrier
575,./train/Lakeland_terrier/n02095570_1026.JPEG,Lakeland_terrier
576,./train/Lakeland_terrier/n02095570_2664.JPEG,Lakeland_terrier
577,./train/Lakeland_terrier/n02095570_866.JPEG,Lakeland_terrier
578,./train/Lakeland_terrier/n02095570_5689.JPEG,Lakeland_terrier
579,./train/Lakeland_terrier/n02095570_11204.JPEG,Lakeland_terrier
580,./train/steam_locomotive/n04310018_3057.JPEG,steam_locomotive
581,./train/steam_locomotive/n04310018_10624.JPEG,steam_locomotive
582,./train/steam_locomotive/n04310018_21399.JPEG,steam_locomotive
583,./train/steam_locomotive/n04310018_11226.JPEG,steam_locomotive
584,./train/steam_locomotive/n04310018_1057.JPEG,steam_locomotive
585,./train/steam_locomotive/n04310018_10497.JPEG,steam_locomotive
586,./train/steam_locomotive/n04310018_18259.JPEG,steam_locomotive
587,./train/steam_locomotive/n04310018_9654.JPEG,steam_locomotive
588,./train/steam_locomotive/n04310018_5560.JPEG,steam_locomotive
589,./train/steam_locomotive/n04310018_2977.JPEG,steam_locomotive
590,./train/malamute/n02110063_6369.JPEG,malamute
591,./train/malamute/n02110063_1894.JPEG,malamute
592,./train/malamute/n02110063_13179.JPEG,malamute
593,./train/malamute/n02110063_1643.JPEG,malamute
594,./train/malamute/n02110063_12768.JPEG,malamute
595,./train/malamute/n02110063_10718.JPEG,malamute
596,./train/malamute/n02110063_5791.JPEG,malamute
597,./train/malamute/n02110063_15025.JPEG,malamute
598,./train/malamute/n02110063_16693.JPEG,malamute
599,./train/malamute/n02110063_13791.JPEG,malamute
600,./train/apiary/n02727426_39745.JPEG,apiary
601,./train/apiary/n02727426_40972.JPEG,apiary
602,./train/apiary/n02727426_7944.JPEG,apiary
603,./train/apiary/n02727426_19218.JPEG,apiary
604,./train/apiary/n02727426_25725.JPEG,apiary
605,./train/apiary/n02727426_14658.JPEG,apiary
606,./train/apiary/n02727426_25274.JPEG,apiary
607,./train/apiary/n02727426_39714.JPEG,apiary
608,./train/apiary/n02727426_948.JPEG,apiary
609,./train/apiary/n02727426_23991.JPEG,apiary
610,./train/soft-coated_wheaten_terrier/n02098105_2694.JPEG,soft-coated_wheaten_terrier
611,./train/soft-coated_wheaten_terrier/n02098105_6619.JPEG,soft-coated_wheaten_terrier
612,./train/soft-coated_wheaten_terrier/n02098105_400.JPEG,soft-coated_wheaten_terrier
613,./train/soft-coated_wheaten_terrier/n02098105_7399.JPEG,soft-coated_wheaten_terrier
614,./train/soft-coated_wheaten_terrier/n02098105_3817.JPEG,soft-coated_wheaten_terrier
615,./train/soft-coated_wheaten_terrier/n02098105_2738.JPEG,soft-coated_wheaten_terrier
616,./train/soft-coated_wheaten_terrier/n02098105_7735.JPEG,soft-coated_wheaten_terrier
617,./train/soft-coated_wheaten_terrier/n02098105_82.JPEG,soft-coated_wheaten_terrier
618,./train/soft-coated_wheaten_terrier/n02098105_4186.JPEG,soft-coated_wheaten_terrier
619,./train/soft-coated_wheaten_terrier/n02098105_1298.JPEG,soft-coated_wheaten_terrier
620,./train/rocking_chair/n04099969_7573.JPEG,rocking_chair
621,./train/rocking_chair/n04099969_8873.JPEG,rocking_chair
622,./train/rocking_chair/n04099969_13491.JPEG,rocking_chair
623,./train/rocking_chair/n04099969_499.JPEG,rocking_chair
624,./train/rocking_chair/n04099969_875.JPEG,rocking_chair
625,./train/rocking_chair/n04099969_56024.JPEG,rocking_chair
626,./train/rocking_chair/n04099969_3551.JPEG,rocking_chair
627,./train/rocking_chair/n04099969_8922.JPEG,rocking_chair
628,./train/rocking_chair/n04099969_594.JPEG,rocking_chair
629,./train/rocking_chair/n04099969_6704.JPEG,rocking_chair
630,./train/conch/n01943899_25636.JPEG,conch
631,./train/conch/n01943899_9228.JPEG,conch
632,./train/conch/n01943899_8645.JPEG,conch
633,./train/conch/n01943899_21809.JPEG,conch
634,./train/conch/n01943899_798.JPEG,conch
635,./train/conch/n01943899_15897.JPEG,conch
636,./train/conch/n01943899_29692.JPEG,conch
637,./train/conch/n01943899_24635.JPEG,conch
638,./train/conch/n01943899_31504.JPEG,conch
639,./train/conch/n01943899_20930.JPEG,conch
640,./train/goldfish/n01443537_1415.JPEG,goldfish
641,./train/goldfish/n01443537_2637.JPEG,goldfish
642,./train/goldfish/n01443537_19638.JPEG,goldfish
643,./train/goldfish/n01443537_2819.JPEG,goldfish
644,./train/goldfish/n01443537_13189.JPEG,goldfish
645,./train/goldfish/n01443537_6743.JPEG,goldfish
646,./train/goldfish/n01443537_9816.JPEG,goldfish
647,./train/goldfish/n01443537_7751.JPEG,goldfish
648,./train/goldfish/n01443537_1903.JPEG,goldfish
649,./train/goldfish/n01443537_7376.JPEG,goldfish
650,./train/pinwheel/n03944341_11616.JPEG,pinwheel
651,./train/pinwheel/n03944341_8459.JPEG,pinwheel
652,./train/pinwheel/n03944341_26420.JPEG,pinwheel
653,./train/pinwheel/n03944341_10404.JPEG,pinwheel
654,./train/pinwheel/n03944341_8927.JPEG,pinwheel
655,./train/pinwheel/n03944341_3596.JPEG,pinwheel
656,./train/pinwheel/n03944341_12662.JPEG,pinwheel
657,./train/pinwheel/n03944341_23306.JPEG,pinwheel
658,./train/pinwheel/n03944341_8723.JPEG,pinwheel
659,./train/pinwheel/n03944341_20143.JPEG,pinwheel
660,./train/flamingo/n02007558_20648.JPEG,flamingo
661,./train/flamingo/n02007558_9853.JPEG,flamingo
662,./train/flamingo/n02007558_447.JPEG,flamingo
663,./train/flamingo/n02007558_21569.JPEG,flamingo
664,./train/flamingo/n02007558_20192.JPEG,flamingo
665,./train/flamingo/n02007558_12173.JPEG,flamingo
666,./train/flamingo/n02007558_851.JPEG,flamingo
667,./train/flamingo/n02007558_12417.JPEG,flamingo
668,./train/flamingo/n02007558_2788.JPEG,flamingo
669,./train/flamingo/n02007558_22601.JPEG,flamingo
670,./train/bottlecap/n02877765_2683.JPEG,bottlecap
671,./train/bottlecap/n02877765_1596.JPEG,bottlecap
672,./train/bottlecap/n02877765_3458.JPEG,bottlecap
673,./train/bottlecap/n02877765_15035.JPEG,bottlecap
674,./train/bottlecap/n02877765_747.JPEG,bottlecap
675,./train/bottlecap/n02877765_5062.JPEG,bottlecap
676,./train/bottlecap/n02877765_3444.JPEG,bottlecap
677,./train/bottlecap/n02877765_1667.JPEG,bottlecap
678,./train/bottlecap/n02877765_8325.JPEG,bottlecap
679,./train/bottlecap/n02877765_15252.JPEG,bottlecap
680,./train/banana/n07753592_16664.JPEG,banana
681,./train/banana/n07753592_928.JPEG,banana
682,./train/banana/n07753592_6547.JPEG,banana
683,./train/banana/n07753592_14549.JPEG,banana
684,./train/banana/n07753592_6305.JPEG,banana
685,./train/banana/n07753592_5795.JPEG,banana
686,./train/banana/n07753592_3043.JPEG,banana
687,./train/banana/n07753592_7688.JPEG,banana
688,./train/banana/n07753592_18.JPEG,banana
689,./train/banana/n07753592_7724.JPEG,banana
690,./train/half_track/n03478589_4082.JPEG,half_track
691,./train/half_track/n03478589_17043.JPEG,half_track
692,./train/half_track/n03478589_18009.JPEG,half_track
693,./train/half_track/n03478589_5996.JPEG,half_track
694,./train/half_track/n03478589_5494.JPEG,half_track
695,./train/half_track/n03478589_1496.JPEG,half_track
696,./train/half_track/n03478589_2915.JPEG,half_track
697,./train/half_track/n03478589_10611.JPEG,half_track
698,./train/half_track/n03478589_1587.JPEG,half_track
699,./train/half_track/n03478589_18464.JPEG,half_track
700,./train/killer_whale/n02071294_30243.JPEG,killer_whale
701,./train/killer_whale/n02071294_4346.JPEG,killer_whale
702,./train/killer_whale/n02071294_3626.JPEG,killer_whale
703,./train/killer_whale/n02071294_24318.JPEG,killer_whale
704,./train/killer_whale/n02071294_282.JPEG,killer_whale
705,./train/killer_whale/n02071294_3473.JPEG,killer_whale
706,./train/killer_whale/n02071294_2300.JPEG,killer_whale
707,./train/killer_whale/n02071294_22428.JPEG,killer_whale
708,./train/killer_whale/n02071294_7339.JPEG,killer_whale
709,./train/killer_whale/n02071294_263.JPEG,killer_whale
710,./train/ram/n02412080_15004.JPEG,ram
711,./train/ram/n02412080_17733.JPEG,ram
712,./train/ram/n02412080_7360.JPEG,ram
713,./train/ram/n02412080_14527.JPEG,ram
714,./train/ram/n02412080_14052.JPEG,ram
715,./train/ram/n02412080_43949.JPEG,ram
716,./train/ram/n02412080_16805.JPEG,ram
717,./train/ram/n02412080_60778.JPEG,ram
718,./train/ram/n02412080_42757.JPEG,ram
719,./train/ram/n02412080_254.JPEG,ram
720,./train/traffic_light/n06874185_27019.JPEG,traffic_light
721,./train/traffic_light/n06874185_24794.JPEG,traffic_light
722,./train/traffic_light/n06874185_46438.JPEG,traffic_light
723,./train/traffic_light/n06874185_28879.JPEG,traffic_light
724,./train/traffic_light/n06874185_10683.JPEG,traffic_light
725,./train/traffic_light/n06874185_15185.JPEG,traffic_light
726,./train/traffic_light/n06874185_41952.JPEG,traffic_light
727,./train/traffic_light/n06874185_5700.JPEG,traffic_light
728,./train/traffic_light/n06874185_9917.JPEG,traffic_light
729,./train/traffic_light/n06874185_23893.JPEG,traffic_light
730,./train/tiger_cat/n02123159_509.JPEG,tiger_cat
731,./train/tiger_cat/n02123159_6064.JPEG,tiger_cat
732,./train/tiger_cat/n02123159_7386.JPEG,tiger_cat
733,./train/tiger_cat/n02123159_5205.JPEG,tiger_cat
734,./train/tiger_cat/n02123159_6208.JPEG,tiger_cat
735,./train/tiger_cat/n02123159_4249.JPEG,tiger_cat
736,./train/tiger_cat/n02123159_1389.JPEG,tiger_cat
737,./train/tiger_cat/n02123159_2317.JPEG,tiger_cat
738,./train/tiger_cat/n02123159_6503.JPEG,tiger_cat
739,./train/tiger_cat/n02123159_6104.JPEG,tiger_cat
740,./train/African_crocodile/n01697457_18587.JPEG,African_crocodile
741,./train/African_crocodile/n01697457_104.JPEG,African_crocodile
742,./train/African_crocodile/n01697457_85.JPEG,African_crocodile
743,./train/African_crocodile/n01697457_260.JPEG,African_crocodile
744,./train/African_crocodile/n01697457_14906.JPEG,African_crocodile
745,./train/African_crocodile/n01697457_10393.JPEG,African_crocodile
746,./train/African_crocodile/n01697457_5586.JPEG,African_crocodile
747,./train/African_crocodile/n01697457_8331.JPEG,African_crocodile
748,./train/African_crocodile/n01697457_8136.JPEG,African_crocodile
749,./train/African_crocodile/n01697457_1331.JPEG,African_crocodile
750,./train/turnstile/n04501370_448.JPEG,turnstile
751,./train/turnstile/n04501370_7431.JPEG,turnstile
752,./train/turnstile/n04501370_13336.JPEG,turnstile
753,./train/turnstile/n04501370_2767.JPEG,turnstile
754,./train/turnstile/n04501370_3474.JPEG,turnstile
755,./train/turnstile/n04501370_836.JPEG,turnstile
756,./train/turnstile/n04501370_15603.JPEG,turnstile
757,./train/turnstile/n04501370_6920.JPEG,turnstile
758,./train/turnstile/n04501370_1869.JPEG,turnstile
759,./train/turnstile/n04501370_576.JPEG,turnstile
760,./train/red-backed_sandpiper/n02027492_10068.JPEG,red-backed_sandpiper
761,./train/red-backed_sandpiper/n02027492_5299.JPEG,red-backed_sandpiper
762,./train/red-backed_sandpiper/n02027492_3063.JPEG,red-backed_sandpiper
763,./train/red-backed_sandpiper/n02027492_5565.JPEG,red-backed_sandpiper
764,./train/red-backed_sandpiper/n02027492_7527.JPEG,red-backed_sandpiper
765,./train/red-backed_sandpiper/n02027492_3159.JPEG,red-backed_sandpiper
766,./train/red-backed_sandpiper/n02027492_2371.JPEG,red-backed_sandpiper
767,./train/red-backed_sandpiper/n02027492_4687.JPEG,red-backed_sandpiper
768,./train/red-backed_sandpiper/n02027492_361.JPEG,red-backed_sandpiper
769,./train/red-backed_sandpiper/n02027492_5055.JPEG,red-backed_sandpiper
770,./train/typewriter_keyboard/n04505470_510.JPEG,typewriter_keyboard
771,./train/typewriter_keyboard/n04505470_3558.JPEG,typewriter_keyboard
772,./train/typewriter_keyboard/n04505470_5019.JPEG,typewriter_keyboard
773,./train/typewriter_keyboard/n04505470_3207.JPEG,typewriter_keyboard
774,./train/typewriter_keyboard/n04505470_2093.JPEG,typewriter_keyboard
775,./train/typewriter_keyboard/n04505470_4507.JPEG,typewriter_keyboard
776,./train/typewriter_keyboard/n04505470_387.JPEG,typewriter_keyboard
777,./train/typewriter_keyboard/n04505470_7201.JPEG,typewriter_keyboard
778,./train/typewriter_keyboard/n04505470_1777.JPEG,typewriter_keyboard
779,./train/typewriter_keyboard/n04505470_4976.JPEG,typewriter_keyboard
780,./train/remote_control/n04074963_2965.JPEG,remote_control
781,./train/remote_control/n04074963_6596.JPEG,remote_control
782,./train/remote_control/n04074963_150.JPEG,remote_control
783,./train/remote_control/n04074963_33135.JPEG,remote_control
784,./train/remote_control/n04074963_15428.JPEG,remote_control
785,./train/remote_control/n04074963_2964.JPEG,remote_control
786,./train/remote_control/n04074963_2601.JPEG,remote_control
787,./train/remote_control/n04074963_14454.JPEG,remote_control
788,./train/remote_control/n04074963_2858.JPEG,remote_control
789,./train/remote_control/n04074963_15421.JPEG,remote_control
790,./train/car_mirror/n02965783_1638.JPEG,car_mirror
791,./train/car_mirror/n02965783_1577.JPEG,car_mirror
792,./train/car_mirror/n02965783_2926.JPEG,car_mirror
793,./train/car_mirror/n02965783_4855.JPEG,car_mirror
794,./train/car_mirror/n02965783_4476.JPEG,car_mirror
795,./train/car_mirror/n02965783_6075.JPEG,car_mirror
796,./train/car_mirror/n02965783_5772.JPEG,car_mirror
797,./train/car_mirror/n02965783_4616.JPEG,car_mirror
798,./train/car_mirror/n02965783_1969.JPEG,car_mirror
799,./train/car_mirror/n02965783_1938.JPEG,car_mirror
800,./train/strainer/n04332243_12988.JPEG,strainer
801,./train/strainer/n04332243_4123.JPEG,strainer
802,./train/strainer/n04332243_27400.JPEG,strainer
803,./train/strainer/n04332243_24934.JPEG,strainer
804,./train/strainer/n04332243_2338.JPEG,strainer
805,./train/strainer/n04332243_8154.JPEG,strainer
806,./train/strainer/n04332243_1215.JPEG,strainer
807,./train/strainer/n04332243_16935.JPEG,strainer
808,./train/strainer/n04332243_36664.JPEG,strainer
809,./train/strainer/n04332243_242.JPEG,strainer
810,./train/triceratops/n01704323_9059.JPEG,triceratops
811,./train/triceratops/n01704323_1380.JPEG,triceratops
812,./train/triceratops/n01704323_2521.JPEG,triceratops
813,./train/triceratops/n01704323_541.JPEG,triceratops
814,./train/triceratops/n01704323_2435.JPEG,triceratops
815,./train/triceratops/n01704323_1569.JPEG,triceratops
816,./train/triceratops/n01704323_2070.JPEG,triceratops
817,./train/triceratops/n01704323_1741.JPEG,triceratops
818,./train/triceratops/n01704323_3296.JPEG,triceratops
819,./train/triceratops/n01704323_1190.JPEG,triceratops
820,./train/mixing_bowl/n03775546_1526.JPEG,mixing_bowl
821,./train/mixing_bowl/n03775546_8079.JPEG,mixing_bowl
822,./train/mixing_bowl/n03775546_6620.JPEG,mixing_bowl
823,./train/mixing_bowl/n03775546_18805.JPEG,mixing_bowl
824,./train/mixing_bowl/n03775546_8809.JPEG,mixing_bowl
825,./train/mixing_bowl/n03775546_3108.JPEG,mixing_bowl
826,./train/mixing_bowl/n03775546_8533.JPEG,mixing_bowl
827,./train/mixing_bowl/n03775546_17054.JPEG,mixing_bowl
828,./train/mixing_bowl/n03775546_2583.JPEG,mixing_bowl
829,./train/mixing_bowl/n03775546_14407.JPEG,mixing_bowl
830,./train/Afghan_hound/n02088094_5532.JPEG,Afghan_hound
831,./train/Afghan_hound/n02088094_2164.JPEG,Afghan_hound
832,./train/Afghan_hound/n02088094_6565.JPEG,Afghan_hound
833,./train/Afghan_hound/n02088094_9175.JPEG,Afghan_hound
834,./train/Afghan_hound/n02088094_1045.JPEG,Afghan_hound
835,./train/Afghan_hound/n02088094_3882.JPEG,Afghan_hound
836,./train/Afghan_hound/n02088094_14463.JPEG,Afghan_hound
837,./train/Afghan_hound/n02088094_7360.JPEG,Afghan_hound
838,./train/Afghan_hound/n02088094_5911.JPEG,Afghan_hound
839,./train/Afghan_hound/n02088094_6533.JPEG,Afghan_hound
840,./train/measuring_cup/n03733805_13682.JPEG,measuring_cup
841,./train/measuring_cup/n03733805_22869.JPEG,measuring_cup
842,./train/measuring_cup/n03733805_10697.JPEG,measuring_cup
843,./train/measuring_cup/n03733805_14529.JPEG,measuring_cup
844,./train/measuring_cup/n03733805_6166.JPEG,measuring_cup
845,./train/measuring_cup/n03733805_5076.JPEG,measuring_cup
846,./train/measuring_cup/n03733805_4686.JPEG,measuring_cup
847,./train/measuring_cup/n03733805_19440.JPEG,measuring_cup
848,./train/measuring_cup/n03733805_12951.JPEG,measuring_cup
849,./train/measuring_cup/n03733805_3219.JPEG,measuring_cup
850,./train/white_stork/n02002556_8984.JPEG,white_stork
851,./train/white_stork/n02002556_17393.JPEG,white_stork
852,./train/white_stork/n02002556_6322.JPEG,white_stork
853,./train/white_stork/n02002556_5511.JPEG,white_stork
854,./train/white_stork/n02002556_887.JPEG,white_stork
855,./train/white_stork/n02002556_18208.JPEG,white_stork
856,./train/white_stork/n02002556_10873.JPEG,white_stork
857,./train/white_stork/n02002556_17324.JPEG,white_stork
858,./train/white_stork/n02002556_204.JPEG,white_stork
859,./train/white_stork/n02002556_7748.JPEG,white_stork
860,./train/safety_pin/n04127249_8455.JPEG,safety_pin
861,./train/safety_pin/n04127249_3657.JPEG,safety_pin
862,./train/safety_pin/n04127249_7477.JPEG,safety_pin
863,./train/safety_pin/n04127249_3090.JPEG,safety_pin
864,./train/safety_pin/n04127249_1255.JPEG,safety_pin
865,./train/safety_pin/n04127249_254.JPEG,safety_pin
866,./train/safety_pin/n04127249_4360.JPEG,safety_pin
867,./train/safety_pin/n04127249_5909.JPEG,safety_pin
868,./train/safety_pin/n04127249_10227.JPEG,safety_pin
869,./train/safety_pin/n04127249_1990.JPEG,safety_pin
870,./train/basset/n02088238_9900.JPEG,basset
871,./train/basset/n02088238_7207.JPEG,basset
872,./train/basset/n02088238_7487.JPEG,basset
873,./train/basset/n02088238_9162.JPEG,basset
874,./train/basset/n02088238_7069.JPEG,basset
875,./train/basset/n02088238_10422.JPEG,basset
876,./train/basset/n02088238_1203.JPEG,basset
877,./train/basset/n02088238_412.JPEG,basset
878,./train/basset/n02088238_8466.JPEG,basset
879,./train/basset/n02088238_9631.JPEG,basset
880,./train/hermit_crab/n01986214_3377.JPEG,hermit_crab
881,./train/hermit_crab/n01986214_25178.JPEG,hermit_crab
882,./train/hermit_crab/n01986214_12726.JPEG,hermit_crab
883,./train/hermit_crab/n01986214_25044.JPEG,hermit_crab
884,./train/hermit_crab/n01986214_23891.JPEG,hermit_crab
885,./train/hermit_crab/n01986214_16545.JPEG,hermit_crab
886,./train/hermit_crab/n01986214_10010.JPEG,hermit_crab
887,./train/hermit_crab/n01986214_4117.JPEG,hermit_crab
888,./train/hermit_crab/n01986214_4072.JPEG,hermit_crab
889,./train/hermit_crab/n01986214_22176.JPEG,hermit_crab
890,./train/kit_fox/n02119789_9977.JPEG,kit_fox
891,./train/kit_fox/n02119789_2736.JPEG,kit_fox
892,./train/kit_fox/n02119789_17624.JPEG,kit_fox
893,./train/kit_fox/n02119789_5688.JPEG,kit_fox
894,./train/kit_fox/n02119789_11471.JPEG,kit_fox
895,./train/kit_fox/n02119789_10086.JPEG,kit_fox
896,./train/kit_fox/n02119789_2049.JPEG,kit_fox
897,./train/kit_fox/n02119789_14642.JPEG,kit_fox
898,./train/kit_fox/n02119789_1147.JPEG,kit_fox
899,./train/kit_fox/n02119789_655.JPEG,kit_fox
900,./train/flatworm/n01924916_7000.JPEG,flatworm
901,./train/flatworm/n01924916_9047.JPEG,flatworm
902,./train/flatworm/n01924916_5286.JPEG,flatworm
903,./train/flatworm/n01924916_8701.JPEG,flatworm
904,./train/flatworm/n01924916_9090.JPEG,flatworm
905,./train/flatworm/n01924916_8375.JPEG,flatworm
906,./train/flatworm/n01924916_9061.JPEG,flatworm
907,./train/flatworm/n01924916_63.JPEG,flatworm
908,./train/flatworm/n01924916_8982.JPEG,flatworm
909,./train/flatworm/n01924916_4424.JPEG,flatworm
910,./train/trilobite/n01768244_950.JPEG,trilobite
911,./train/trilobite/n01768244_9274.JPEG,trilobite
912,./train/trilobite/n01768244_9949.JPEG,trilobite
913,./train/trilobite/n01768244_1428.JPEG,trilobite
914,./train/trilobite/n01768244_5666.JPEG,trilobite
915,./train/trilobite/n01768244_2809.JPEG,trilobite
916,./train/trilobite/n01768244_4216.JPEG,trilobite
917,./train/trilobite/n01768244_301.JPEG,trilobite
918,./train/trilobite/n01768244_1487.JPEG,trilobite
919,./train/trilobite/n01768244_8042.JPEG,trilobite
920,./train/horizontal_bar/n03535780_22725.JPEG,horizontal_bar
921,./train/horizontal_bar/n03535780_40969.JPEG,horizontal_bar
922,./train/horizontal_bar/n03535780_3870.JPEG,horizontal_bar
923,./train/horizontal_bar/n03535780_16077.JPEG,horizontal_bar
924,./train/horizontal_bar/n03535780_42746.JPEG,horizontal_bar
925,./train/horizontal_bar/n03535780_36211.JPEG,horizontal_bar
926,./train/horizontal_bar/n03535780_15546.JPEG,horizontal_bar
927,./train/horizontal_bar/n03535780_43973.JPEG,horizontal_bar
928,./train/horizontal_bar/n03535780_18270.JPEG,horizontal_bar
929,./train/horizontal_bar/n03535780_41906.JPEG,horizontal_bar
930,./train/electric_locomotive/n03272562_8598.JPEG,electric_locomotive
931,./train/electric_locomotive/n03272562_6528.JPEG,electric_locomotive
932,./train/electric_locomotive/n03272562_2727.JPEG,electric_locomotive
933,./train/electric_locomotive/n03272562_3996.JPEG,electric_locomotive
934,./train/electric_locomotive/n03272562_6933.JPEG,electric_locomotive
935,./train/electric_locomotive/n03272562_8383.JPEG,electric_locomotive
936,./train/electric_locomotive/n03272562_1737.JPEG,electric_locomotive
937,./train/electric_locomotive/n03272562_8485.JPEG,electric_locomotive
938,./train/electric_locomotive/n03272562_265.JPEG,electric_locomotive
939,./train/electric_locomotive/n03272562_3816.JPEG,electric_locomotive
940,./train/police_van/n03977966_72690.JPEG,police_van
941,./train/police_van/n03977966_40810.JPEG,police_van
942,./train/police_van/n03977966_14821.JPEG,police_van
943,./train/police_van/n03977966_67883.JPEG,police_van
944,./train/police_van/n03977966_44507.JPEG,police_van
945,./train/police_van/n03977966_8691.JPEG,police_van
946,./train/police_van/n03977966_14167.JPEG,police_van
947,./train/police_van/n03977966_11928.JPEG,police_van
948,./train/police_van/n03977966_40341.JPEG,police_van
949,./train/police_van/n03977966_48980.JPEG,police_van
950,./train/warplane/n04552348_24336.JPEG,warplane
951,./train/warplane/n04552348_10736.JPEG,warplane
952,./train/warplane/n04552348_9726.JPEG,warplane
953,./train/warplane/n04552348_12780.JPEG,warplane
954,./train/warplane/n04552348_11954.JPEG,warplane
955,./train/warplane/n04552348_13334.JPEG,warplane
956,./train/warplane/n04552348_2027.JPEG,warplane
957,./train/warplane/n04552348_22639.JPEG,warplane
958,./train/warplane/n04552348_25299.JPEG,warplane
959,./train/warplane/n04552348_16150.JPEG,warplane
960,./train/folding_chair/n03376595_19102.JPEG,folding_chair
961,./train/folding_chair/n03376595_404.JPEG,folding_chair
962,./train/folding_chair/n03376595_1740.JPEG,folding_chair
963,./train/folding_chair/n03376595_1881.JPEG,folding_chair
964,./train/folding_chair/n03376595_9977.JPEG,folding_chair
965,./train/folding_chair/n03376595_12960.JPEG,folding_chair
966,./train/folding_chair/n03376595_13927.JPEG,folding_chair
967,./train/folding_chair/n03376595_4251.JPEG,folding_chair
968,./train/folding_chair/n03376595_4887.JPEG,folding_chair
969,./train/folding_chair/n03376595_6691.JPEG,folding_chair
970,./train/cuirass/n03146219_3590.JPEG,cuirass
971,./train/cuirass/n03146219_15923.JPEG,cuirass
972,./train/cuirass/n03146219_208.JPEG,cuirass
973,./train/cuirass/n03146219_32473.JPEG,cuirass
974,./train/cuirass/n03146219_4528.JPEG,cuirass
975,./train/cuirass/n03146219_11082.JPEG,cuirass
976,./train/cuirass/n03146219_4538.JPEG,cuirass
977,./train/cuirass/n03146219_7081.JPEG,cuirass
978,./train/cuirass/n03146219_13529.JPEG,cuirass
979,./train/cuirass/n03146219_3149.JPEG,cuirass
980,./train/bicycle-built-for-two/n02835271_8648.JPEG,bicycle-built-for-two
981,./train/bicycle-built-for-two/n02835271_13756.JPEG,bicycle-built-for-two
982,./train/bicycle-built-for-two/n02835271_11697.JPEG,bicycle-built-for-two
983,./train/bicycle-built-for-two/n02835271_10390.JPEG,bicycle-built-for-two
984,./train/bicycle-built-for-two/n02835271_10931.JPEG,bicycle-built-for-two
985,./train/bicycle-built-for-two/n02835271_4667.JPEG,bicycle-built-for-two
986,./train/bicycle-built-for-two/n02835271_6094.JPEG,bicycle-built-for-two
987,./train/bicycle-built-for-two/n02835271_4313.JPEG,bicycle-built-for-two
988,./train/bicycle-built-for-two/n02835271_21974.JPEG,bicycle-built-for-two
989,./train/bicycle-built-for-two/n02835271_1311.JPEG,bicycle-built-for-two
990,./train/loudspeaker/n03691459_40992.JPEG,loudspeaker
991,./train/loudspeaker/n03691459_8520.JPEG,loudspeaker
992,./train/loudspeaker/n03691459_78054.JPEG,loudspeaker
993,./train/loudspeaker/n03691459_11843.JPEG,loudspeaker
994,./train/loudspeaker/n03691459_20532.JPEG,loudspeaker
995,./train/loudspeaker/n03691459_64837.JPEG,loudspeaker
996,./train/loudspeaker/n03691459_58288.JPEG,loudspeaker
997,./train/loudspeaker/n03691459_68783.JPEG,loudspeaker
998,./train/loudspeaker/n03691459_15367.JPEG,loudspeaker
999,./train/loudspeaker/n03691459_77818.JPEG,loudspeaker
1000,./train/bearing/bearing1.JPEG,bearing
1001,./train/bearing/bearing2.JPEG,bearing
1002,./train/bearing/bearing3.JPEG,bearing
1003,./train/bearing/bearing4.JPEG,bearing
1004,./train/bearing/bearing5.JPEG,bearing
1005,./train/bearing/bearing6.JPEG,bearing
1006,./train/bearing/bearing7.JPEG,bearing
1007,./train/bearing/bearing8.JPEG,bearing
1008,./train/bearing/bearing9.JPEG,bearing
1009,./train/bearing/bearing10.JPEG,bearing
1010,./train/bolt/bolt1.JPEG,bolt
1011,./train/bolt/bolt2.JPEG,bolt
1012,./train/bolt/bolt3.JPEG,bolt
1013,./train/bolt/bolt4.JPEG,bolt
1014,./train/bolt/bolt5.JPEG,bolt
1015,./train/bolt/bolt6.JPEG,bolt
1016,./train/bolt/bolt7.JPEG,bolt
1017,./train/bolt/bolt8.JPEG,bolt
1018,./train/bolt/bolt9.JPEG,bolt
1019,./train/bolt/bolt10.JPEG,bolt
1020,./train/fighter/fighter1.JPEG,fighter
1021,./train/fighter/fighter2.JPEG,fighter
1022,./train/fighter/fighter3.JPEG,fighter
1023,./train/fighter/fighter4.JPEG,fighter
1024,./train/fighter/fighter5.JPEG,fighter
1025,./train/fighter/fighter6.JPEG,fighter
1026,./train/fighter/fighter7.JPEG,fighter
1027,./train/fighter/fighter8.JPEG,fighter
1028,./train/fighter/fighter9.JPEG,fighter
1029,./train/fighter/fighter10.JPEG,fighter
1030,./train/gearmilling/gear1.JPEG,gearmilling
1031,./train/gearmilling/gear2.JPEG,gearmilling
1032,./train/gearmilling/gear3.JPEG,gearmilling
1033,./train/gearmilling/gear4.JPEG,gearmilling
1034,./train/gearmilling/gear5.JPEG,gearmilling
1035,./train/gearmilling/gear6.JPEG,gearmilling
1036,./train/gearmilling/gear7.JPEG,gearmilling
1037,./train/gearmilling/gear8.JPEG,gearmilling
1038,./train/gearmilling/gear9.JPEG,gearmilling
1039,./train/gearmilling/gear10.JPEG,gearmilling
1040,./train/landinggear/landing1.JPEG,landinggear
1041,./train/landinggear/landing2.JPEG,landinggear
1042,./train/landinggear/landing3.JPEG,landinggear
1043,./train/landinggear/landing4.JPEG,landinggear
1044,./train/landinggear/landing5.JPEG,landinggear
1045,./train/landinggear/landing6.JPEG,landinggear
1046,./train/landinggear/landing7.JPEG,landinggear
1047,./train/landinggear/landing8.JPEG,landinggear
1048,./train/landinggear/landing9.JPEG,landinggear
1049,./train/landinggear/landing10.JPEG,landinggear
1050,./train/solarpanel/solar1.JPEG,solarpanel
1051,./train/solarpanel/solar2.JPEG,solarpanel
1052,./train/solarpanel/solar3.JPEG,solarpanel
1053,./train/solarpanel/solar4.JPEG,solarpanel
1054,./train/solarpanel/solar5.JPEG,solarpanel
1055,./train/solarpanel/solar6.JPEG,solarpanel
1056,./train/solarpanel/solar7.JPEG,solarpanel
1057,./train/solarpanel/solar8.JPEG,solarpanel
1058,./train/solarpanel/solar9.JPEG,solarpanel
1059,./train/solarpanel/solar10.JPEG,solarpanel
1060,./train/carrierrocket/crocket1.JPEG,carrierrocket
1061,./train/carrierrocket/crocket2.JPEG,carrierrocket
1062,./train/carrierrocket/crocket3.JPEG,carrierrocket
1063,./train/carrierrocket/crocket4.JPEG,carrierrocket
1064,./train/carrierrocket/crocket5.JPEG,carrierrocket
1065,./train/carrierrocket/crocket6.JPEG,carrierrocket
1066,./train/carrierrocket/crocket7.JPEG,carrierrocket
1067,./train/carrierrocket/crocket8.JPEG,carrierrocket
1068,./train/carrierrocket/crocket9.JPEG,carrierrocket
1069,./train/carrierrocket/crocket10.JPEG,carrierrocket
1070,./train/drone/drone1.JPEG,drone
1071,./train/drone/drone2.JPEG,drone
1072,./train/drone/drone3.JPEG,drone
1073,./train/drone/drone4.JPEG,drone
1074,./train/drone/drone5.JPEG,drone
1075,./train/drone/drone6.JPEG,drone
1076,./train/drone/drone7.JPEG,drone
1077,./train/drone/drone8.JPEG,drone
1078,./train/drone/drone9.JPEG,drone
1079,./train/drone/drone10.JPEG,drone
1080,./train/pcb/pcb1.JPEG,pcb
1081,./train/pcb/pcb2.JPEG,pcb
1082,./train/pcb/pcb3.JPEG,pcb
1083,./train/pcb/pcb4.JPEG,pcb
1084,./train/pcb/pcb5.JPEG,pcb
1085,./train/pcb/pcb6.JPEG,pcb
1086,./train/pcb/pcb7.JPEG,pcb
1087,./train/pcb/pcb8.JPEG,pcb
1088,./train/pcb/pcb9.JPEG,pcb
1089,./train/pcb/pcb10.JPEG,pcb
1090,./train/radar/radar1.JPEG,radar
1091,./train/radar/radar2.JPEG,radar
1092,./train/radar/radar3.JPEG,radar
1093,./train/radar/radar4.JPEG,radar
1094,./train/radar/radar5.JPEG,radar
1095,./train/radar/radar6.JPEG,radar
1096,./train/radar/radar7.JPEG,radar
1097,./train/radar/radar8.JPEG,radar
1098,./train/radar/radar9.JPEG,radar
1099,./train/radar/radar10.JPEG,radar
1100,./train/satellite/satellite1.JPEG,satellite
1101,./train/satellite/satellite2.JPEG,satellite
1102,./train/satellite/satellite3.JPEG,satellite
1103,./train/satellite/satellite4.JPEG,satellite
1104,./train/satellite/satellite5.JPEG,satellite
1105,./train/satellite/satellite6.JPEG,satellite
1106,./train/satellite/satellite7.JPEG,satellite
1107,./train/satellite/satellite8.JPEG,satellite
1108,./train/satellite/satellite9.JPEG,satellite
1109,./train/satellite/satellite10.JPEG,satellite
1110,./train/tank/tank1.JPEG,tank
1111,./train/tank/tank2.JPEG,tank
1112,./train/tank/tank3.JPEG,tank
1113,./train/tank/tank4.JPEG,tank
1114,./train/tank/tank5.JPEG,tank
1115,./train/tank/tank6.JPEG,tank
1116,./train/tank/tank7.JPEG,tank
1117,./train/tank/tank8.JPEG,tank
1118,./train/tank/tank9.JPEG,tank
1119,./train/tank/tank10.JPEG,tank
